rGEh0ckdmr	sex
ezelurehr2	sex
SdrSNxxC9_	sex
mJbVrC_a68	sex
AkxFsMsug	sex
mygNSAd6TL	sex
6zw3RJZINg	sex
jR_eSd2YxSS	sex
DmdfRvS3o	sex
u1Cw5U4VUQ	sex
2dyYtsn9	sex
gtqOBUXBf	sex
Q1lYGnUrkv	sex
lcxHxrPww	sex
_Mw7TFu9fBP	sex
LZiKSObKa	sex
71qxF89inig	sex
SytMgohDaJz	sex
Rx2D0Tt5Uwd	sex
ycXI6Qb_jf	sex
4Au0gE1VpU	sex
E4t_5fkSQ	sex
BFTXK85Q2tK	sex
J8ci_CzOgQ	sex
71ExiROCjHf	sex
71lZioGo4	sex
QJlQiFXUXU	sex
mkvbKsfiE	sex
w1cJPANW	sex
XyxZUd75Rq7	sex
m18_28qonsg	sex
hfA60EMB7mf	sex
XkdwOtppI	dx_test
8JYlBhuVB	dx_test
7JeKDOY6pI	dx_test
wrmnVoxru2_	dx_test
m7KIqTDiE	dx_test
XkxOuoMsE	dx_test
kN1NAtJaWxa	dx_test
m1_wKiMs4	dx_test
Q1liD_F6TL	dx_test
7JXGK79sHR	dx_test
7ybH_OKp6L	dx_test
XJlvvuY66U	dx_test
Qya8FofjN	dx_test
71xmudF6pL	dx_test
X1kPYifoN	dx_test
mkeEudKaT8	dx_test
mkowOt66U	dx_test
XypeOIcjnie	dx_test
7JKgOU5shie	dx_test
Q1zwtjzo4	dx_test
QJ4__F6pU	dx_test
Q175_ifo4	dx_test
xLzHpnlHQ	dx_test
QybtDuYapL	dx_test
QJbDwOY6aL	dx_test
tOC_r10bJ	dx_test
mknfKQqiS0	dx_test
QDj8s_vEh	dx_test
8DkrgmSRs	dx_test
ZjEGONLG9	dx_test
m1M9POFpTU	dx_test
mp6wt4DH	dx_test
bJzI_5rM2	dx_test
Qyv_utTTI	dx_test
QyZ1udt6aI	dx_test
Qkxe_ccohjx	dx_test
X1BPKoMoV	dx_test
7J_fddY6aL	dx_test
EVn1J34w7yd	dx_test
XkWnDOtp6U	dx_test
7kIPKiGjN	dx_test
mJ4w_YT6I	dx_test
FYP9jRehB8	dx_test
XkY_Kizo4	dx_test
71PxW95i2sx	dx_test
QJZbOuY6a8	dx_test
mkFl_c5s3jl	dx_test
7Jer_uFTp8	dx_test
XygWOuYpTU	dx_test
m1uDFifsV	dx_test
7JZCw_YaTI	dx_test
71xLwOF6pI	dx_test
G2gaajQ5l	dx_test
Q1gzudYa6L	dx_test
XJGPPOFaaU	dx_test
lhn8Y2O_Y	dx_test
7k_X_uK6TI	dx_test
PddVekN3a	dx_test
mk_ND_K6pI	dx_test
WMrjFrCt_Cp	dx_test
XyvvuYp68	dx_test
myGU_ut6a8	dx_test
7keVvOF6pL	dx_test
QJgAwdFTTU	dx_test
XyZLO_FT6L	dx_test
FHhdxNraDBJ	dx_test
mJAwutpTU	dx_test
QJrD_FTaL	dx_test
Q8ri7t3X	dx_test
QyW5P_KaaL	dx_test
QJGe__YTTL	dx_test
7JqlW99i2og	dx_test
XkMKL5o3ig	dx_test
_p9dHzoLsx	dx_test
1x809rKoGJr	dx_test
mBKN_DbgI	dx_test
myZO_Yp6L	dx_test
obcuHFkAptO	dx_test
mk_pDdYapU	dx_test
7ur8LWKKU	gender
71MomQmJyx	gender
NKwM4gsfXS	gender
vqxNsvfcdhs	gender
m17cWrcAq7	gender
N7bHP0vG1G	gender
hNx1XUcZR5	gender
7yxxYyUcRcQ	gender
c15vK97pK5X	gender
m1mxtyU5R9Q	gender
Qy2Jq071yg	marital_status
C6SezX_mKG	marital_status
7kesFS5ZS8	sexual_activity
m1mZIvXgr0z	sexual_activity
XJiKrc_BI	sexual_activity
XkGctrqWr8	sexual_activity
XkE9Yyu2yXx	sexual_activity
06ArFWmaU7E	sexual_activity
mkX5FkdnJQl	sexual_activity
m19euqinsg	sexual_activity
7Jf5YJ_2kXg	sexual_activity
mk_5tyO3y7l	sexual_activity
QyExJuconsx	sexual_activity
mkIxdcohoe	sexual_activity
QkxMeOJ_nkme	sexual_activity
QkZndydhymg	sexual_activity
QyVeu9s2ie	sexual_activity
my9loFqo3jg	sexual_activity
m1JA_da68	sexual_activity
QkPqt1dh1Qg	sexual_activity
QkfrF1OnJQx	sexual_activity
Xy8cY1_2k7x	sexual_activity
7yb7oYXLXL	sexual_activity
m1Q0QP9CqX	sexual_activity
hyAdCSb5Tr2	sexual_activity
nSXRtkERXFM	sexual_activity
mkZ56bd66U	sexual_activity
Zyxmbm4_C	sexual_activity
a4ev6FPSc	sexual_activity
710Ze_1unyQl	sexual_activity
7kSgk_cohix	sexual_activity
Xkl2tSqZrI	sexual_activity
X1GstrcWBL	sexual_activity
myDed9inox	sexual_activity
vuhEgrPv5b4	sexual_activity
QyiWxOJu2J7g	sexual_activity
7Jdgotqs2sx	sexual_activity
7kn_g_kuhkXx	sexual_activity
P7b7UXAW6I	sexual_activity
vIPOQ_74e0	sexual_activity
XyFeit9s2jg	sexual_activity
7JB9FydhkQx	sexual_activity
mJiuyO3yme	sexual_activity
m1R_1_nJmx	sexual_activity
7JyxOk_nk7x	sexual_activity
7ybx_ku2kXg	sexual_activity
Q1T_ku21Xl	sexual_activity
Xyzluyu2k7e	sexual_activity
Xyc_k_n1Xg	sexual_activity
7ygxuJd2yXg	sexual_activity
mkpuOyO31Xx	sexual_activity
XJ7ldkuhkQx	sexual_activity
An4npMH575J	sexual_activity
BFWCfsZbwYb	sexual_activity
66pRU9Pg8YG	sexual_activity
CzpMSo6kTUX	sexual_activity
8kbyRtApZce	sexual_activity
wFcQvdMAeUB	sexual_activity
mRmB5o2j6oT	sexual_activity
XKQA7ffY4r7	sexual_activity
z7B8YG2B_aP	sexual_activity
VNoSMDHGJUg	sexual_activity
PrfCYR_Pbz4	sexual_activity
L4LirGyWRB	sexual_orientation
cJinh_sk6f	sexual_orientation
dvEQ3Mi5w2	sexual_orientation
sSJsWhaiN	sexual_orientation
Qyw98XerAz	other
ZtTACudtFcK	other
8tcngjcC0k	other
00eYcDABU	other
XkudlGEcjHR	other
ESc0PTGL3	other
1yN_3FR9aAp	other
7kFdxfE9iBA	other
hbgYw7HPpXW	other
0md12WGtZXE	other
mJEKBtpuQDH	other
X9MmQ1Oq	other